,meanCPUUsage,CMU,AssignMem,unmap_page_cache_memory_ussage,page_cache_usage,mean_local_disk_space
meanCPUUsage,1,,,,,
CMU,0.68057786,1,,,,
AssignMem,0.6875034963,0.6261527002,1,,,
unmap_page_cache_memory_ussage,0.6628261121,0.5993260222,0.6060650915,1,,
page_cache_usage,0.6634870375,0.6004635527,0.606776628,0.6173372723,1,
mean_local_disk_space,0.3493567405,0.2817914259,0.2850164133,0.2674806034,0.2685913124,1
